{"cameraMode":{"drawMode":0,"name":"Shaded","section":"Shading Mode"},"sceneLighting":true,"audioPlay":false,"sceneViewState":{"m_AlwaysRefresh":false,"showFog":true,"showSkybox":true,"showFlares":true,"showImageEffects":true,"showParticleSystems":true,"showVisualEffectGraphs":true,"m_FxEnabled":true},"in2DMode":false,"pivot":{"x":2.6966500282287599,"y":2.7356040477752687,"z":2.222050666809082},"rotation":{"x":0.04083705320954323,"y":0.41858237981796267,"z":0.018874021247029306,"w":-0.907119870185852},"size":3.449202060699463,"orthographic":false}